INSERT INTO bi_dataset_model(model_code, model_name, model_type, description, physical_table_name, source_sql, deletable, model_config_json) VALUES
('volatility_tracking_pool', '波动率跟踪数据池', 'SOURCE_TABLE', '用于演示波动率跟踪图表的内置数据池', 'volatility_tracking', 'SELECT * FROM volatility_tracking', FALSE,
'{"mainTable":{"table":"volatility_tracking","alias":"vt"},"joinTables":[],"sourceKind":"SOURCE_TABLE"}'),
('sales_report_pool', '销售报表示例数据池', 'SOURCE_TABLE', '用于演示表格和经营分析图表的内置数据池', 'sales_report_demo', 'SELECT * FROM sales_report_demo', FALSE,
'{"mainTable":{"table":"sales_report_demo","alias":"sr"},"joinTables":[],"sourceKind":"SOURCE_TABLE"}');

INSERT INTO bi_dataset_field(model_code, field_code, field_name, data_type, field_role, agg_type, source_expr, sort_no) VALUES
('volatility_tracking_pool', 'trade_date', '交易日期', 'date', 'dimension', NULL, 'vt.trade_date', 1),
('volatility_tracking_pool', 'implied_volatility_median', '隐含波动率中位数', 'number', 'metric', 'avg', 'vt.implied_volatility_median', 10),
('volatility_tracking_pool', 'stock_volatility_3m_median', '正股3M波动率中位数', 'number', 'metric', 'avg', 'vt.stock_volatility_3m_median', 11),
('volatility_tracking_pool', 'stock_volatility_6m_median', '正股6M波动率中位数', 'number', 'metric', 'avg', 'vt.stock_volatility_6m_median', 12);

INSERT INTO bi_dataset_field(model_code, field_code, field_name, data_type, field_role, agg_type, source_expr, calc_type, base_field_code, calc_config_json, sort_no) VALUES
('volatility_tracking_pool', 'implied_volatility_3y_avg', '隐含波动率滚动3年均值', 'number', 'metric', 'avg', 'vt.implied_volatility_median', 'rolling_3y_avg', 'implied_volatility_median', '{"windowRows":755}', 20);

INSERT INTO bi_dataset_field(model_code, field_code, field_name, data_type, field_role, agg_type, source_expr, sort_no) VALUES
('sales_report_pool', 'report_month', '报表月份', 'date', 'dimension', NULL, 'sr.report_month', 1),
('sales_report_pool', 'region', '区域', 'string', 'dimension', NULL, 'sr.region', 2),
('sales_report_pool', 'desk_name', '业务条线', 'string', 'dimension', NULL, 'sr.desk_name', 3),
('sales_report_pool', 'product_line', '产品线', 'string', 'dimension', NULL, 'sr.product_line', 4),
('sales_report_pool', 'revenue', '收入', 'number', 'metric', 'sum', 'sr.revenue', 10),
('sales_report_pool', 'cost', '成本', 'number', 'metric', 'sum', 'sr.cost', 11),
('sales_report_pool', 'profit', '利润', 'number', 'metric', 'sum', 'sr.profit', 12),
('sales_report_pool', 'margin_rate', '利润率', 'number', 'metric', 'avg', 'sr.margin_rate', 13),
('sales_report_pool', 'order_count', '订单数', 'number', 'metric', 'sum', 'sr.order_count', 14),
('sales_report_pool', 'customer_count', '客户数', 'number', 'metric', 'sum', 'sr.customer_count', 15);

INSERT INTO bi_template(template_code, template_name, renderer_code, description, capability_json, panel_schema_json, default_dsl_json) VALUES
('mixed', '混合趋势图', 'cartesian_combo', '用于展示时间序列的多指标趋势变化',
'{"renderer":"cartesian_combo","chartTypes":["line","area","bar"],"dimensionCount":{"min":1,"max":2},"metricCount":{"min":1,"max":8},"seriesFieldCount":{"min":0,"max":2},"supportsMultiTableModel":true}',
'{"sections":[]}',
'{"queryDsl":{"modelCode":"volatility_tracking_pool","datasetCode":"volatility_tracking_pool","dimensionField":"trade_date","dimensionFields":["trade_date"],"dimensions":["trade_date"],"seriesFields":[],"metrics":[{"fieldCode":"implied_volatility_median","displayName":"隐含波动率中位数","aggType":"avg","chartType":"line","yAxis":"left","color":"#1d4ed8","negativeColor":"#dc2626","smooth":false,"layerIds":["chart-layer-1"]},{"fieldCode":"stock_volatility_3m_median","displayName":"正股3M波动率中位数","aggType":"avg","chartType":"line","yAxis":"left","color":"#0f766e","negativeColor":"#dc2626","smooth":false,"layerIds":["chart-layer-1"]},{"fieldCode":"stock_volatility_6m_median","displayName":"正股6M波动率中位数","aggType":"avg","chartType":"line","yAxis":"left","color":"#f97316","negativeColor":"#dc2626","smooth":false,"layerIds":["chart-layer-1"]}],"filters":[],"orders":[],"sorters":[],"params":{},"limit":500},"dimensionConfigDsl":{"stackBySecondDimension":false,"layerIds":["chart-layer-1"]},"visualDsl":{"title":"混合趋势图","subtitle":"","indicatorTag":"波动率","xAxisName":"","leftAxisName":"","rightAxisName":""},"styleDsl":{"showSymbol":false,"lineWidth":2,"areaOpacity":0.22},"interactionDsl":{"tooltip":true,"legend":true,"dataZoom":true,"slider":true},"chartLayersDsl":[{"id":"chart-layer-1","layerName":"图层 1","enabled":true}],"statisticalItemsDsl":[{"id":"stat-item-1","itemName":"统计量1","metricFieldCode":"implied_volatility_median","rollingWindowYears":3,"visible":{"mean":{"enabled":true,"yAxis":"left","lineColor":"#dc2626","lineStyle":"solid","layerIds":["chart-layer-1"]},"std1":{"enabled":false,"yAxis":"left","lineColor":"#f97316","bandColor":"#fdba74","lineStyle":"dashed","layerIds":["chart-layer-1"]},"std2":{"enabled":false,"yAxis":"left","lineColor":"#fb7185","bandColor":"#fecdd3","lineStyle":"dotted","layerIds":["chart-layer-1"]},"percentile":{"enabled":false,"yAxis":"right","lineColor":"#7c3aed","lineStyle":"dashed","layerIds":["chart-layer-1"]}},"rolling":{"mean":{"enabled":false,"yAxis":"left","lineColor":"#FF9F7F","lineStyle":"solid","layerIds":["chart-layer-1"]},"std1":{"enabled":false,"yAxis":"left","lineColor":"#3BA272","bandColor":"#a7f3d0","lineStyle":"dashed","layerIds":["chart-layer-1"]},"std2":{"enabled":false,"yAxis":"left","lineColor":"#73C0DE","bandColor":"#bae6fd","lineStyle":"dotted","layerIds":["chart-layer-1"]},"percentile":{"enabled":false,"yAxis":"right","lineColor":"#9A60B4","lineStyle":"dashed","layerIds":["chart-layer-1"]}}}],"layout":{"x":0,"y":0,"w":12,"h":9},"layoutDsl":{"mode":"list","frozenLeftCount":0,"frozenRightCount":0,"headerRowCount":1,"bodyRowCount":12,"gridColumns":[],"gridRows":[]}}'),
('line', '折线趋势图', 'cartesian_combo', '适用于单指标或多指标趋势观察',
'{"renderer":"cartesian_combo","chartTypes":["line","area"],"dimensionCount":{"min":1,"max":2},"metricCount":{"min":1,"max":8},"seriesFieldCount":{"min":0,"max":2},"supportsMultiTableModel":true}',
'{"sections":[]}',
'{"queryDsl":{"modelCode":"volatility_tracking_pool","datasetCode":"volatility_tracking_pool","dimensionField":"trade_date","dimensionFields":["trade_date"],"dimensions":["trade_date"],"seriesFields":[],"metrics":[],"filters":[],"orders":[],"sorters":[],"params":{},"limit":500},"dimensionConfigDsl":{"stackBySecondDimension":false,"layerIds":["chart-layer-1"]},"visualDsl":{"title":"折线趋势图","subtitle":"","indicatorTag":"","xAxisName":"","leftAxisName":"","rightAxisName":""},"styleDsl":{"showSymbol":false,"lineWidth":2,"areaOpacity":0.2},"interactionDsl":{"tooltip":true,"legend":true,"dataZoom":true,"slider":true},"chartLayersDsl":[{"id":"chart-layer-1","layerName":"图层 1","enabled":true}],"statisticalItemsDsl":[{"id":"stat-item-1","itemName":"统计量1","metricFieldCode":"","rollingWindowYears":3,"visible":{"mean":{"enabled":true,"yAxis":"left","lineColor":"#dc2626","lineStyle":"solid","layerIds":["chart-layer-1"]},"std1":{"enabled":true,"yAxis":"left","lineColor":"#f97316","bandColor":"#fdba74","lineStyle":"dashed","layerIds":["chart-layer-1"]},"std2":{"enabled":true,"yAxis":"left","lineColor":"#fb7185","bandColor":"#fecdd3","lineStyle":"dotted","layerIds":["chart-layer-1"]},"percentile":{"enabled":false,"yAxis":"right","lineColor":"#7c3aed","lineStyle":"dashed","layerIds":["chart-layer-1"]}},"rolling":{"mean":{"enabled":false,"yAxis":"left","lineColor":"#FF9F7F","lineStyle":"solid","layerIds":["chart-layer-1"]},"std1":{"enabled":false,"yAxis":"left","lineColor":"#3BA272","bandColor":"#a7f3d0","lineStyle":"dashed","layerIds":["chart-layer-1"]},"std2":{"enabled":false,"yAxis":"left","lineColor":"#73C0DE","bandColor":"#bae6fd","lineStyle":"dotted","layerIds":["chart-layer-1"]},"percentile":{"enabled":false,"yAxis":"right","lineColor":"#9A60B4","lineStyle":"dashed","layerIds":["chart-layer-1"]}}}],"layout":{"x":0,"y":0,"w":12,"h":8},"layoutDsl":{"mode":"list","frozenLeftCount":0,"frozenRightCount":0,"headerRowCount":1,"bodyRowCount":12,"gridColumns":[],"gridRows":[]}}'),
('bar', '柱状对比图', 'cartesian_combo', '适用于分类比较和分组对比',
'{"renderer":"cartesian_combo","chartTypes":["bar"],"dimensionCount":{"min":1,"max":2},"metricCount":{"min":1,"max":8},"seriesFieldCount":{"min":0,"max":2},"supportsMultiTableModel":true}',
'{"sections":[]}',
'{"queryDsl":{"modelCode":"sales_report_pool","datasetCode":"sales_report_pool","dimensionField":"region","dimensionFields":["region"],"dimensions":["region"],"seriesFields":[],"metrics":[],"filters":[],"orders":[],"sorters":[],"params":{},"limit":500},"dimensionConfigDsl":{"stackBySecondDimension":false,"layerIds":["chart-layer-1"]},"visualDsl":{"title":"柱状对比图","subtitle":"","indicatorTag":"","xAxisName":"","leftAxisName":"","rightAxisName":""},"styleDsl":{"showSymbol":false,"lineWidth":2,"areaOpacity":0.2},"interactionDsl":{"tooltip":true,"legend":true,"dataZoom":true,"slider":true},"chartLayersDsl":[{"id":"chart-layer-1","layerName":"图层 1","enabled":true}],"statisticalItemsDsl":[{"id":"stat-item-1","itemName":"统计量1","metricFieldCode":"","rollingWindowYears":3,"visible":{"mean":{"enabled":true,"yAxis":"left","lineColor":"#dc2626","lineStyle":"solid","layerIds":["chart-layer-1"]},"std1":{"enabled":true,"yAxis":"left","lineColor":"#f97316","bandColor":"#fdba74","lineStyle":"dashed","layerIds":["chart-layer-1"]},"std2":{"enabled":true,"yAxis":"left","lineColor":"#fb7185","bandColor":"#fecdd3","lineStyle":"dotted","layerIds":["chart-layer-1"]},"percentile":{"enabled":false,"yAxis":"right","lineColor":"#7c3aed","lineStyle":"dashed","layerIds":["chart-layer-1"]}},"rolling":{"mean":{"enabled":false,"yAxis":"left","lineColor":"#FF9F7F","lineStyle":"solid","layerIds":["chart-layer-1"]},"std1":{"enabled":false,"yAxis":"left","lineColor":"#3BA272","bandColor":"#a7f3d0","lineStyle":"dashed","layerIds":["chart-layer-1"]},"std2":{"enabled":false,"yAxis":"left","lineColor":"#73C0DE","bandColor":"#bae6fd","lineStyle":"dotted","layerIds":["chart-layer-1"]},"percentile":{"enabled":false,"yAxis":"right","lineColor":"#9A60B4","lineStyle":"dashed","layerIds":["chart-layer-1"]}}}],"layout":{"x":0,"y":0,"w":12,"h":8},"layoutDsl":{"mode":"list","frozenLeftCount":0,"frozenRightCount":0,"headerRowCount":1,"bodyRowCount":12,"gridColumns":[],"gridRows":[]}}'),
('scatter', '散点图', 'scatter_quadrant', '适用于观察两个数值指标之间的关系',
'{"renderer":"scatter_quadrant","chartTypes":["scatter"],"dimensionCount":{"min":1,"max":1},"metricCount":{"min":2,"max":2},"seriesFieldCount":{"min":0,"max":1},"supportsMultiTableModel":true}',
'{"sections":[]}',
'{"queryDsl":{"modelCode":"sales_report_pool","datasetCode":"sales_report_pool","dimensionField":"region","dimensionFields":["region"],"dimensions":["region"],"seriesFields":[],"metrics":[],"filters":[],"orders":[],"sorters":[],"params":{},"limit":500},"dimensionConfigDsl":{"stackBySecondDimension":false,"layerIds":["chart-layer-1"]},"visualDsl":{"title":"散点图","subtitle":"","indicatorTag":"","xAxisName":"","leftAxisName":"","rightAxisName":""},"styleDsl":{"showSymbol":true,"lineWidth":2,"areaOpacity":0.2},"interactionDsl":{"tooltip":true,"legend":true,"dataZoom":true,"slider":true},"chartLayersDsl":[{"id":"chart-layer-1","layerName":"图层 1","enabled":true}],"statisticalItemsDsl":[{"id":"stat-item-1","itemName":"统计量1","metricFieldCode":"","rollingWindowYears":3,"visible":{"mean":{"enabled":true,"yAxis":"left","lineColor":"#dc2626","lineStyle":"solid","layerIds":["chart-layer-1"]},"std1":{"enabled":true,"yAxis":"left","lineColor":"#f97316","bandColor":"#fdba74","lineStyle":"dashed","layerIds":["chart-layer-1"]},"std2":{"enabled":true,"yAxis":"left","lineColor":"#fb7185","bandColor":"#fecdd3","lineStyle":"dotted","layerIds":["chart-layer-1"]},"percentile":{"enabled":false,"yAxis":"right","lineColor":"#7c3aed","lineStyle":"dashed","layerIds":["chart-layer-1"]}},"rolling":{"mean":{"enabled":false,"yAxis":"left","lineColor":"#FF9F7F","lineStyle":"solid","layerIds":["chart-layer-1"]},"std1":{"enabled":false,"yAxis":"left","lineColor":"#3BA272","bandColor":"#a7f3d0","lineStyle":"dashed","layerIds":["chart-layer-1"]},"std2":{"enabled":false,"yAxis":"left","lineColor":"#73C0DE","bandColor":"#bae6fd","lineStyle":"dotted","layerIds":["chart-layer-1"]},"percentile":{"enabled":false,"yAxis":"right","lineColor":"#9A60B4","lineStyle":"dashed","layerIds":["chart-layer-1"]}}}],"layout":{"x":0,"y":0,"w":12,"h":9},"layoutDsl":{"mode":"list","frozenLeftCount":0,"frozenRightCount":0,"headerRowCount":1,"bodyRowCount":12,"gridColumns":[],"gridRows":[]}}'),
('pie', '饼图', 'pie', '适用于展示分类占比',
'{"renderer":"pie","chartTypes":["pie"],"dimensionCount":{"min":1,"max":1},"metricCount":{"min":1,"max":1},"seriesFieldCount":{"min":0,"max":0},"supportsMultiTableModel":true}',
'{"sections":[]}',
'{"queryDsl":{"modelCode":"sales_report_pool","datasetCode":"sales_report_pool","dimensionField":"region","dimensionFields":["region"],"dimensions":["region"],"seriesFields":[],"metrics":[],"filters":[],"orders":[],"sorters":[],"params":{},"limit":20},"dimensionConfigDsl":{"stackBySecondDimension":false,"layerIds":["chart-layer-1"]},"visualDsl":{"title":"饼图","subtitle":"","indicatorTag":"","xAxisName":"","leftAxisName":"","rightAxisName":""},"styleDsl":{"showSymbol":false,"lineWidth":2,"areaOpacity":0.2},"interactionDsl":{"tooltip":true,"legend":true,"dataZoom":false,"slider":false},"chartLayersDsl":[{"id":"chart-layer-1","layerName":"图层 1","enabled":true}],"statisticalItemsDsl":[{"id":"stat-item-1","itemName":"统计量1","metricFieldCode":"","rollingWindowYears":3,"visible":{"mean":{"enabled":true,"yAxis":"left","lineColor":"#dc2626","lineStyle":"solid","layerIds":["chart-layer-1"]},"std1":{"enabled":true,"yAxis":"left","lineColor":"#f97316","bandColor":"#fdba74","lineStyle":"dashed","layerIds":["chart-layer-1"]},"std2":{"enabled":true,"yAxis":"left","lineColor":"#fb7185","bandColor":"#fecdd3","lineStyle":"dotted","layerIds":["chart-layer-1"]},"percentile":{"enabled":false,"yAxis":"right","lineColor":"#7c3aed","lineStyle":"dashed","layerIds":["chart-layer-1"]}},"rolling":{"mean":{"enabled":false,"yAxis":"left","lineColor":"#FF9F7F","lineStyle":"solid","layerIds":["chart-layer-1"]},"std1":{"enabled":false,"yAxis":"left","lineColor":"#3BA272","bandColor":"#a7f3d0","lineStyle":"dashed","layerIds":["chart-layer-1"]},"std2":{"enabled":false,"yAxis":"left","lineColor":"#73C0DE","bandColor":"#bae6fd","lineStyle":"dotted","layerIds":["chart-layer-1"]},"percentile":{"enabled":false,"yAxis":"right","lineColor":"#9A60B4","lineStyle":"dashed","layerIds":["chart-layer-1"]}}}],"layout":{"x":0,"y":0,"w":6,"h":8},"layoutDsl":{"mode":"list","frozenLeftCount":0,"frozenRightCount":0,"headerRowCount":1,"bodyRowCount":12,"gridColumns":[],"gridRows":[]}}'),
('table', '表格', 'table', '适用于展示明细数据和报表数据',
'{"renderer":"table","chartTypes":["table"],"dimensionCount":{"min":1,"max":12},"metricCount":{"min":0,"max":12},"seriesFieldCount":{"min":0,"max":0},"supportsMultiTableModel":true}',
'{"sections":[]}',
'{"queryDsl":{"modelCode":"sales_report_pool","datasetCode":"sales_report_pool","dimensionField":"report_month","dimensionFields":["report_month","region","desk_name","product_line","revenue","profit"],"dimensions":["report_month","region","desk_name","product_line","revenue","profit"],"seriesFields":[],"metrics":[],"filters":[],"orders":[],"sorters":[],"params":{},"limit":200},"dimensionConfigDsl":{"stackBySecondDimension":false,"layerIds":["chart-layer-1"]},"visualDsl":{"title":"表格","subtitle":"","indicatorTag":"经营演示","xAxisName":"","leftAxisName":"","rightAxisName":""},"styleDsl":{"showSymbol":false,"lineWidth":2,"areaOpacity":0.2},"interactionDsl":{"tooltip":true,"legend":false,"dataZoom":false,"slider":false},"chartLayersDsl":[{"id":"chart-layer-1","layerName":"图层 1","enabled":true}],"statisticalItemsDsl":[{"id":"stat-item-1","itemName":"统计量1","metricFieldCode":"","rollingWindowYears":3,"visible":{"mean":{"enabled":false,"yAxis":"left","lineColor":"#dc2626","lineStyle":"solid","layerIds":["chart-layer-1"]},"std1":{"enabled":false,"yAxis":"left","lineColor":"#f97316","bandColor":"#fdba74","lineStyle":"dashed","layerIds":["chart-layer-1"]},"std2":{"enabled":false,"yAxis":"left","lineColor":"#fb7185","bandColor":"#fecdd3","lineStyle":"dotted","layerIds":["chart-layer-1"]},"percentile":{"enabled":false,"yAxis":"right","lineColor":"#7c3aed","lineStyle":"dashed","layerIds":["chart-layer-1"]}},"rolling":{"mean":{"enabled":false,"yAxis":"left","lineColor":"#FF9F7F","lineStyle":"solid","layerIds":["chart-layer-1"]},"std1":{"enabled":false,"yAxis":"left","lineColor":"#3BA272","bandColor":"#a7f3d0","lineStyle":"dashed","layerIds":["chart-layer-1"]},"std2":{"enabled":false,"yAxis":"left","lineColor":"#73C0DE","bandColor":"#bae6fd","lineStyle":"dotted","layerIds":["chart-layer-1"]},"percentile":{"enabled":false,"yAxis":"right","lineColor":"#9A60B4","lineStyle":"dashed","layerIds":["chart-layer-1"]}}}],"tableDsl":{"template":{"rowFields":[],"columnFields":["report_month","region","desk_name","product_line","revenue","profit"],"valueFields":[],"threshold":0,"gtColor":"#fecaca","lteColor":"#dcfce7"},"rowHeaders":[],"columnHeaders":[],"columns":[],"headerGroups":[],"headerCells":[],"bodyCells":[],"merges":[],"styles":{},"conditionalFormats":[],"widgets":[],"regionStyles":[],"pagination":{"enabled":true,"pageSize":12},"summary":{"enabled":false,"label":"合计","metricFieldCodes":[]},"rowNumber":false,"striped":false,"bordered":true,"size":"small","rowSelection":false,"emptyText":"暂无数据"},"layout":{"x":0,"y":0,"w":12,"h":10},"layoutDsl":{"mode":"list","frozenLeftCount":0,"frozenRightCount":0,"headerRowCount":1,"bodyRowCount":12,"gridColumns":[],"gridRows":[]}}');

INSERT INTO bi_dashboard(dashboard_code, name, status, published_version) VALUES
('volatility_tracking_dashboard', '波动率跟踪看板', 'PUBLISHED', 1),
('sales_report_demo_dashboard', '销售报表示例看板', 'PUBLISHED', 1);

INSERT INTO bi_component(dashboard_code, component_code, component_type, title, template_code, model_code, dsl_config_json, sort_no) VALUES
('volatility_tracking_dashboard', 'cmp-volatility-trend', 'chart', '波动率跟踪分析', 'mixed', 'volatility_tracking_pool',
'{"queryDsl":{"modelCode":"volatility_tracking_pool","datasetCode":"volatility_tracking_pool","dimensionField":"trade_date","dimensionFields":["trade_date"],"dimensions":["trade_date"],"seriesFields":[],"metrics":[{"fieldCode":"implied_volatility_median","displayName":"隐含波动率中位数","aggType":"avg","chartType":"line","yAxis":"left","color":"#1d4ed8","negativeColor":"#dc2626","smooth":false,"layerIds":["chart-layer-1"]},{"fieldCode":"stock_volatility_3m_median","displayName":"正股3M波动率中位数","aggType":"avg","chartType":"line","yAxis":"left","color":"#0f766e","negativeColor":"#dc2626","smooth":false,"layerIds":["chart-layer-1"]},{"fieldCode":"stock_volatility_6m_median","displayName":"正股6M波动率中位数","aggType":"avg","chartType":"line","yAxis":"left","color":"#f97316","negativeColor":"#dc2626","smooth":false,"layerIds":["chart-layer-1"]}],"filters":[],"orders":[{"fieldCode":"trade_date","direction":"asc"}],"sorters":[{"fieldCode":"trade_date","direction":"asc"}],"params":{},"limit":500},"dimensionConfigDsl":{"stackBySecondDimension":false,"layerIds":["chart-layer-1"]},"visualDsl":{"title":"波动率跟踪分析","subtitle":"","indicatorTag":"波动率","xAxisName":"","leftAxisName":"","rightAxisName":""},"styleDsl":{"showSymbol":false,"lineWidth":2,"areaOpacity":0.22},"interactionDsl":{"tooltip":true,"legend":true,"dataZoom":true,"slider":true},"chartLayersDsl":[{"id":"chart-layer-1","layerName":"图层 1","enabled":true}],"statisticalItemsDsl":[{"id":"stat-item-1","itemName":"统计量1","metricFieldCode":"implied_volatility_median","rollingWindowYears":3,"visible":{"mean":{"enabled":true,"yAxis":"left","lineColor":"#dc2626","lineStyle":"solid","layerIds":["chart-layer-1"]},"std1":{"enabled":false,"yAxis":"left","lineColor":"#f97316","bandColor":"#fdba74","lineStyle":"dashed","layerIds":["chart-layer-1"]},"std2":{"enabled":false,"yAxis":"left","lineColor":"#fb7185","bandColor":"#fecdd3","lineStyle":"dotted","layerIds":["chart-layer-1"]},"percentile":{"enabled":false,"yAxis":"right","lineColor":"#7c3aed","lineStyle":"dashed","layerIds":["chart-layer-1"]}},"rolling":{"mean":{"enabled":false,"yAxis":"left","lineColor":"#FF9F7F","lineStyle":"solid","layerIds":["chart-layer-1"]},"std1":{"enabled":false,"yAxis":"left","lineColor":"#3BA272","bandColor":"#a7f3d0","lineStyle":"dashed","layerIds":["chart-layer-1"]},"std2":{"enabled":false,"yAxis":"left","lineColor":"#73C0DE","bandColor":"#bae6fd","lineStyle":"dotted","layerIds":["chart-layer-1"]},"percentile":{"enabled":false,"yAxis":"right","lineColor":"#9A60B4","lineStyle":"dashed","layerIds":["chart-layer-1"]}}}],"layout":{"x":0,"y":0,"w":12,"h":9},"layoutDsl":{"mode":"list","frozenLeftCount":0,"frozenRightCount":0,"headerRowCount":1,"bodyRowCount":12,"gridColumns":[],"gridRows":[]}}', 1),
('sales_report_demo_dashboard', 'cmp-sales-table', 'table', '销售报表明细', 'table', 'sales_report_pool',
'{"queryDsl":{"modelCode":"sales_report_pool","datasetCode":"sales_report_pool","dimensionField":"report_month","dimensionFields":["report_month","region","desk_name","product_line","revenue","profit"],"dimensions":["report_month","region","desk_name","product_line","revenue","profit"],"seriesFields":[],"metrics":[],"filters":[],"orders":[{"fieldCode":"report_month","direction":"asc"}],"sorters":[{"fieldCode":"report_month","direction":"asc"}],"params":{},"limit":200},"dimensionConfigDsl":{"stackBySecondDimension":false,"layerIds":["chart-layer-1"]},"visualDsl":{"title":"销售报表明细","subtitle":"","indicatorTag":"经营演示","xAxisName":"","leftAxisName":"","rightAxisName":""},"styleDsl":{"showSymbol":false,"lineWidth":2,"areaOpacity":0.2},"interactionDsl":{"tooltip":true,"legend":false,"dataZoom":false,"slider":false},"chartLayersDsl":[{"id":"chart-layer-1","layerName":"图层 1","enabled":true}],"statisticalItemsDsl":[{"id":"stat-item-1","itemName":"统计量1","metricFieldCode":"","rollingWindowYears":3,"visible":{"mean":{"enabled":false,"yAxis":"left","lineColor":"#dc2626","lineStyle":"solid","layerIds":["chart-layer-1"]},"std1":{"enabled":false,"yAxis":"left","lineColor":"#f97316","bandColor":"#fdba74","lineStyle":"dashed","layerIds":["chart-layer-1"]},"std2":{"enabled":false,"yAxis":"left","lineColor":"#fb7185","bandColor":"#fecdd3","lineStyle":"dotted","layerIds":["chart-layer-1"]},"percentile":{"enabled":false,"yAxis":"right","lineColor":"#7c3aed","lineStyle":"dashed","layerIds":["chart-layer-1"]}},"rolling":{"mean":{"enabled":false,"yAxis":"left","lineColor":"#FF9F7F","lineStyle":"solid","layerIds":["chart-layer-1"]},"std1":{"enabled":false,"yAxis":"left","lineColor":"#3BA272","bandColor":"#a7f3d0","lineStyle":"dashed","layerIds":["chart-layer-1"]},"std2":{"enabled":false,"yAxis":"left","lineColor":"#73C0DE","bandColor":"#bae6fd","lineStyle":"dotted","layerIds":["chart-layer-1"]},"percentile":{"enabled":false,"yAxis":"right","lineColor":"#9A60B4","lineStyle":"dashed","layerIds":["chart-layer-1"]}}}],"tableDsl":{"template":{"rowFields":[],"columnFields":["report_month","region","desk_name","product_line","revenue","profit"],"valueFields":[],"threshold":0,"gtColor":"#fecaca","lteColor":"#dcfce7"},"rowHeaders":[],"columnHeaders":[],"columns":[],"headerGroups":[],"headerCells":[],"bodyCells":[],"merges":[],"styles":{},"conditionalFormats":[],"widgets":[],"regionStyles":[],"pagination":{"enabled":true,"pageSize":12},"summary":{"enabled":false,"label":"合计","metricFieldCodes":[]},"rowNumber":false,"striped":false,"bordered":true,"size":"small","rowSelection":false,"emptyText":"暂无数据"},"layout":{"x":0,"y":0,"w":12,"h":10},"layoutDsl":{"mode":"list","frozenLeftCount":0,"frozenRightCount":0,"headerRowCount":1,"bodyRowCount":12,"gridColumns":[],"gridRows":[]}}', 1);
