-- Data extracted from uploaded strategy research images.
SET NAMES utf8mb4;
SET time_zone = '+08:00';

DELETE FROM `dataset_field`
WHERE `model_code` IN (
  'macro_industry_inflation_pulse_monthly',
  'macro_state_trend_matrix',
  'macro_pmi_bond_industrial_cycle_monthly',
  'macro_state_return_score_rules',
  'macro_state_monitor_monthly_panel',
  'macro_factor_score_monthly',
  'macro_factor_percentile_snapshot'
);
DELETE FROM `dataset_model`
WHERE `model_code` IN (
  'macro_industry_inflation_pulse_monthly',
  'macro_state_trend_matrix',
  'macro_pmi_bond_industrial_cycle_monthly',
  'macro_state_return_score_rules',
  'macro_state_monitor_monthly_panel',
  'macro_factor_score_monthly',
  'macro_factor_percentile_snapshot'
);

INSERT INTO `dataset_model`
(`model_code`, `model_name`, `model_type`, `description`, `physical_table_name`, `source_sql`, `deletable`, `model_config_json`) VALUES
('macro_industry_inflation_pulse_monthly', '工业增加值与通胀月度脉冲', 'SOURCE_TABLE', '工业增加值同比、综合通胀率、南华中国信用脉冲指数月度数据', 'macro_industry_inflation_pulse_monthly', 'SELECT * FROM macro_industry_inflation_pulse_monthly', 0, '{"mainTable":{"table":"macro_industry_inflation_pulse_monthly","alias":"dp"},"joinTables":[],"sourceKind":"SOURCE_TABLE"}'),
('macro_state_trend_matrix', '宏观状态趋势组合矩阵', 'SOURCE_TABLE', 'M1同比、南华工业品指数、10Y国债收益率趋势组合状态', 'macro_state_trend_matrix', 'SELECT * FROM macro_state_trend_matrix', 0, '{"mainTable":{"table":"macro_state_trend_matrix","alias":"dp"},"joinTables":[],"sourceKind":"SOURCE_TABLE"}'),
('macro_pmi_bond_industrial_cycle_monthly', 'M1、国债收益率与南华工业品月度周期', 'SOURCE_TABLE', 'M1同比、10Y国债到期收益率和南华工业品指数月度数据', 'macro_pmi_bond_industrial_cycle_monthly', 'SELECT * FROM macro_pmi_bond_industrial_cycle_monthly', 0, '{"mainTable":{"table":"macro_pmi_bond_industrial_cycle_monthly","alias":"dp"},"joinTables":[],"sourceKind":"SOURCE_TABLE"}'),
('macro_state_return_score_rules', '宏观状态相对收益打分规则', 'SOURCE_TABLE', '宏观状态相对收益率与得分规则表', 'macro_state_return_score_rules', 'SELECT * FROM macro_state_return_score_rules', 0, '{"mainTable":{"table":"macro_state_return_score_rules","alias":"dp"},"joinTables":[],"sourceKind":"SOURCE_TABLE"}'),
('macro_state_monitor_monthly_panel', '宏观状态监控月度面板', 'SOURCE_TABLE', '宏观因子状态、得分、趋势和月度指标明细', 'macro_state_monitor_monthly_panel', 'SELECT * FROM macro_state_monitor_monthly_panel', 0, '{"mainTable":{"table":"macro_state_monitor_monthly_panel","alias":"dp"},"joinTables":[],"sourceKind":"SOURCE_TABLE"}'),
('macro_factor_score_monthly', '宏观因子估值风格月度评分', 'SOURCE_TABLE', '经济景气、货币信用、通胀、海外流动性和合计评分月度数据', 'macro_factor_score_monthly', 'SELECT * FROM macro_factor_score_monthly', 0, '{"mainTable":{"table":"macro_factor_score_monthly","alias":"dp"},"joinTables":[],"sourceKind":"SOURCE_TABLE"}'),
('macro_factor_percentile_snapshot', '宏观因子分位数快照', 'SOURCE_TABLE', '宏观因子近一年、近三年、近十年分位数', 'macro_factor_percentile_snapshot', 'SELECT * FROM macro_factor_percentile_snapshot', 0, '{"mainTable":{"table":"macro_factor_percentile_snapshot","alias":"dp"},"joinTables":[],"sourceKind":"SOURCE_TABLE"}')
ON DUPLICATE KEY UPDATE
  `model_name` = VALUES(`model_name`),
  `model_type` = VALUES(`model_type`),
  `description` = VALUES(`description`),
  `physical_table_name` = VALUES(`physical_table_name`),
  `source_sql` = VALUES(`source_sql`),
  `deletable` = VALUES(`deletable`),
  `model_config_json` = VALUES(`model_config_json`);

INSERT INTO `dataset_field`
(`model_code`, `field_code`, `field_name`, `data_type`, `field_role`, `agg_type`, `source_expr`, `sort_no`) VALUES
('macro_industry_inflation_pulse_monthly', 'observation_month', '月份', 'date', 'dimension', NULL, 'dp.observation_month', 1),
('macro_industry_inflation_pulse_monthly', 'industrial_value_added_yoy', '工业增加值当月同比', 'number', 'metric', 'avg', 'dp.industrial_value_added_yoy', 2),
('macro_industry_inflation_pulse_monthly', 'composite_inflation_rate', '综合通胀率', 'number', 'metric', 'avg', 'dp.composite_inflation_rate', 3),
('macro_industry_inflation_pulse_monthly', 'nanhua_china_credit_impulse_index', '南华中国信用脉冲指数', 'number', 'metric', 'avg', 'dp.nanhua_china_credit_impulse_index', 4),
('macro_state_trend_matrix', 'state_code', '状态分类', 'string', 'dimension', NULL, 'dp.state_code', 1),
('macro_state_trend_matrix', 'm1_yoy_trend', 'M1同比趋势', 'number', 'metric', 'avg', 'dp.m1_yoy_trend', 2),
('macro_state_trend_matrix', 'nanhua_industrial_index_trend', '南华工业品指数趋势', 'number', 'metric', 'avg', 'dp.nanhua_industrial_index_trend', 3),
('macro_state_trend_matrix', 'china_10y_bond_yield_trend', '10Y国债收益率趋势', 'number', 'metric', 'avg', 'dp.china_10y_bond_yield_trend', 4),
('macro_pmi_bond_industrial_cycle_monthly', 'observation_month', '月份', 'date', 'dimension', NULL, 'dp.observation_month', 1),
('macro_pmi_bond_industrial_cycle_monthly', 'm1_yoy', 'M1同比', 'number', 'metric', 'avg', 'dp.m1_yoy', 2),
('macro_pmi_bond_industrial_cycle_monthly', 'china_10y_bond_yield_times_10', '10Y国债到期收益率*10', 'number', 'metric', 'avg', 'dp.china_10y_bond_yield_times_10', 3),
('macro_pmi_bond_industrial_cycle_monthly', 'nanhua_industrial_index', '南华工业品指数', 'number', 'metric', 'avg', 'dp.nanhua_industrial_index', 4),
('macro_state_return_score_rules', 'market_scope', '市场组合', 'string', 'dimension', NULL, 'dp.market_scope', 1),
('macro_state_return_score_rules', 'factor_dimension', '维度', 'string', 'dimension', NULL, 'dp.factor_dimension', 2),
('macro_state_return_score_rules', 'macro_state', '宏观状态', 'string', 'dimension', NULL, 'dp.macro_state', 3),
('macro_state_return_score_rules', 'relative_return_rate', '相对收益率', 'number', 'metric', 'avg', 'dp.relative_return_rate', 4),
('macro_state_return_score_rules', 'score', '得分', 'number', 'metric', 'avg', 'dp.score', 5),
('macro_state_monitor_monthly_panel', 'factor_dimension', '维度', 'string', 'dimension', NULL, 'dp.factor_dimension', 1),
('macro_state_monitor_monthly_panel', 'indicator_name', '指标', 'string', 'dimension', NULL, 'dp.indicator_name', 2),
('macro_state_monitor_monthly_panel', 'observation_month', '月份', 'date', 'dimension', NULL, 'dp.observation_month', 3),
('macro_state_monitor_monthly_panel', 'indicator_value', '最新值', 'number', 'metric', 'avg', 'dp.indicator_value', 4),
('macro_state_monitor_monthly_panel', 'current_state', '状态', 'string', 'dimension', NULL, 'dp.current_state', 5),
('macro_state_monitor_monthly_panel', 'score', '得分', 'number', 'metric', 'avg', 'dp.score', 6),
('macro_state_monitor_monthly_panel', 'trend', '变化趋势', 'number', 'metric', 'avg', 'dp.trend', 7),
('macro_state_monitor_monthly_panel', 'previous_ma3', '上月MA3', 'number', 'metric', 'avg', 'dp.previous_ma3', 8),
('macro_state_monitor_monthly_panel', 'latest_ma3', '最新MA3', 'number', 'metric', 'avg', 'dp.latest_ma3', 9),
('macro_factor_score_monthly', 'observation_month', '月份', 'date', 'dimension', NULL, 'dp.observation_month', 1),
('macro_factor_score_monthly', 'economic_cycle_score', '经济景气', 'number', 'metric', 'avg', 'dp.economic_cycle_score', 2),
('macro_factor_score_monthly', 'monetary_credit_score', '货币信用', 'number', 'metric', 'avg', 'dp.monetary_credit_score', 3),
('macro_factor_score_monthly', 'inflation_score', '通胀', 'number', 'metric', 'avg', 'dp.inflation_score', 4),
('macro_factor_score_monthly', 'overseas_liquidity_score', '海外流动性', 'number', 'metric', 'avg', 'dp.overseas_liquidity_score', 5),
('macro_factor_score_monthly', 'total_score', '合计', 'number', 'metric', 'avg', 'dp.total_score', 6),
('macro_factor_score_monthly', 'valuation_bias', '估值风格占优', 'string', 'dimension', NULL, 'dp.valuation_bias', 7),
('macro_factor_percentile_snapshot', 'factor_dimension', '维度', 'string', 'dimension', NULL, 'dp.factor_dimension', 1),
('macro_factor_percentile_snapshot', 'indicator_name', '指标', 'string', 'dimension', NULL, 'dp.indicator_name', 2),
('macro_factor_percentile_snapshot', 'percentile_1y', '近一年分位数', 'number', 'metric', 'avg', 'dp.percentile_1y', 3),
('macro_factor_percentile_snapshot', 'percentile_3y', '近三年分位数', 'number', 'metric', 'avg', 'dp.percentile_3y', 4),
('macro_factor_percentile_snapshot', 'percentile_10y', '近十年分位数', 'number', 'metric', 'avg', 'dp.percentile_10y', 5)
ON DUPLICATE KEY UPDATE
  `field_name` = VALUES(`field_name`),
  `data_type` = VALUES(`data_type`),
  `field_role` = VALUES(`field_role`),
  `agg_type` = VALUES(`agg_type`),
  `source_expr` = VALUES(`source_expr`),
  `sort_no` = VALUES(`sort_no`);

DELETE FROM `macro_industry_inflation_pulse_monthly`;
INSERT INTO `macro_industry_inflation_pulse_monthly`
(`observation_month`, `industrial_value_added_yoy`, `composite_inflation_rate`, `nanhua_china_credit_impulse_index`) VALUES
('2023-01-01', 1.20, 1.20, 26.00),
('2023-02-01', 2.30, 1.10, 25.80),
('2023-03-01', 2.40, 0.30, 27.50),
('2023-04-01', 5.60, -0.70, 27.80),
('2023-05-01', 3.50, -1.20, 28.00),
('2023-06-01', 4.20, -1.50, 26.80),
('2023-07-01', 3.80, -1.80, 25.90),
('2023-08-01', 4.50, -1.70, 26.20),
('2023-09-01', 4.50, -1.10, 26.20),
('2023-10-01', 4.60, -0.80, 26.50),
('2023-11-01', 6.80, -0.90, 27.00),
('2023-12-01', 6.90, -1.20, 27.30),
('2024-01-01', 7.00, -1.00, 27.40),
('2024-02-01', 4.60, -0.50, 27.80),
('2024-03-01', 6.70, -0.90, 25.50),
('2024-04-01', 5.60, -0.50, 24.40),
('2024-05-01', 5.40, -0.20, 25.00),
('2024-06-01', 5.20, -0.10, 24.00),
('2024-07-01', 4.60, 0.10, 24.30),
('2024-08-01', 5.30, -0.20, 24.40),
('2024-09-01', 5.20, -0.50, 23.80),
('2024-10-01', 5.50, -0.60, 23.50),
('2024-11-01', 6.10, -0.50, 23.70),
('2024-12-01', 5.80, -0.40, 24.20),
('2025-01-01', 5.90, -0.80, 24.80),
('2025-02-01', 7.60, -0.70, 25.30),
('2025-03-01', 6.00, -1.00, 25.80),
('2025-04-01', 5.80, -0.90, 26.30),
('2025-05-01', 6.70, -1.00, 26.50),
('2025-06-01', 5.80, -1.10, 27.00),
('2025-07-01', 5.70, -1.10, 27.20),
('2025-08-01', 6.50, -1.20, 26.80),
('2025-09-01', 5.40, -1.20, 26.20),
('2025-10-01', 4.90, -1.00, 25.90),
('2025-11-01', 5.10, -0.70, 26.10),
('2025-12-01', 5.50, -0.30, 25.30),
('2026-01-01', 5.90, -0.10, 25.40),
('2026-02-01', 6.20, -0.20, 25.60),
('2026-03-01', 6.40, 0.60, 25.70);

DELETE FROM `macro_state_trend_matrix`;
INSERT INTO `macro_state_trend_matrix`
(`state_code`, `m1_yoy_trend`, `nanhua_industrial_index_trend`, `china_10y_bond_yield_trend`) VALUES
('状态1', 1, 1, 1),
('状态2', -1, 1, 1),
('状态3', 1, -1, 1),
('状态4', 1, 1, -1),
('状态5', -1, -1, 1),
('状态6', -1, 1, -1),
('状态7', 1, -1, -1),
('状态8', -1, -1, -1);

DELETE FROM `macro_pmi_bond_industrial_cycle_monthly`;
INSERT INTO `macro_pmi_bond_industrial_cycle_monthly`
(`observation_month`, `m1_yoy`, `china_10y_bond_yield_times_10`, `nanhua_industrial_index`) VALUES
('2022-04-01', 4.80, 5.50, 4000.00),
('2022-05-01', 4.40, 5.40, 4100.00),
('2022-06-01', 5.20, 5.30, 3700.00),
('2022-07-01', 6.50, 5.40, 3600.00),
('2022-08-01', 5.60, 5.50, 3650.00),
('2022-09-01', 6.10, 5.70, 3500.00),
('2022-10-01', 5.30, 5.50, 3900.00),
('2022-11-01', 3.70, 5.40, 3950.00),
('2022-12-01', 6.70, 5.60, 3850.00),
('2023-01-01', 5.40, 5.50, 3600.00),
('2023-02-01', 5.10, 5.40, 3300.00),
('2023-03-01', 4.60, 5.30, 3800.00),
('2023-04-01', 2.80, 5.20, 4050.00),
('2023-05-01', 2.10, 5.30, 3950.00),
('2023-06-01', 1.80, 5.10, 4100.00),
('2023-07-01', 2.00, 4.80, 4200.00),
('2023-08-01', 1.20, 4.60, 4050.00),
('2023-09-01', 1.40, 4.50, 3920.00),
('2023-10-01', 3.20, 4.30, 4200.00),
('2023-11-01', 2.50, 4.20, 4300.00),
('2023-12-01', 0.40, 4.20, 4100.00),
('2024-01-01', 5.50, 4.20, 3650.00),
('2024-02-01', 4.20, 4.10, 3900.00),
('2024-03-01', -0.50, 4.00, 3800.00),
('2024-04-01', -1.80, 4.00, 3550.00),
('2024-05-01', -2.80, 3.80, 3600.00),
('2024-06-01', -3.20, 3.50, 3750.00),
('2024-07-01', -2.00, 3.40, 3650.00),
('2024-08-01', -0.60, 3.30, 3900.00),
('2024-09-01', 1.00, 3.20, 3800.00),
('2024-10-01', 0.00, 3.20, 3700.00),
('2024-11-01', 1.20, 3.40, 3600.00),
('2024-12-01', 1.50, 3.50, 3400.00),
('2025-01-01', 3.20, 3.60, 3500.00),
('2025-02-01', 4.80, 3.50, 3700.00),
('2025-03-01', 5.60, 3.60, 3850.00),
('2025-04-01', 6.00, 3.80, 3650.00),
('2025-05-01', 7.00, 3.90, 3600.00),
('2025-06-01', 6.40, 3.80, 3550.00),
('2025-07-01', 5.30, 3.70, 3500.00),
('2025-08-01', 4.20, 3.60, 3600.00),
('2025-09-01', 3.60, 3.70, 3750.00),
('2025-10-01', 3.50, 3.80, 4100.00),
('2025-11-01', 3.60, 3.80, 3900.00),
('2025-12-01', 5.00, 3.90, 3700.00),
('2026-01-01', 4.50, 3.90, 3600.00),
('2026-02-01', 3.80, 3.80, 3800.00),
('2026-03-01', 5.20, 3.80, 4200.00);

DELETE FROM `macro_state_return_score_rules`;
INSERT INTO `macro_state_return_score_rules`
(`market_scope`, `factor_dimension`, `macro_state`, `relative_return_rate`, `score`) VALUES
('low_to_high_value', '宏观景气', 'PMI上行+大于50', 0.37, 1),
('low_to_high_value', '宏观景气', 'PMI下行+大于50', 3.06, 1),
('low_to_high_value', '宏观景气', 'PMI上行+小于50', -0.99, -1),
('low_to_high_value', '宏观景气', 'PMI下行+小于50', -0.30, -1),
('low_to_high_value', '货币-信用', '紧货币+宽信用', 1.39, 1),
('low_to_high_value', '货币-信用', '紧货币+紧信用', 1.22, 1),
('low_to_high_value', '货币-信用', '宽货币+宽信用', -1.20, -1),
('low_to_high_value', '货币-信用', '宽货币+紧信用', -1.11, -1),
('low_to_high_value', '通胀', 'PPI-CPI剪刀差下行大于0', 1.04, 1),
('low_to_high_value', '通胀', 'PPI-CPI剪刀差上行小于0', 0.38, 1),
('low_to_high_value', '通胀', 'PPI-CPI剪刀差上行大于0', -0.32, -1),
('low_to_high_value', '通胀', 'PPI-CPI剪刀差下行小于0', -1.62, -1),
('low_to_high_value', '海外流动性', '美债上+M2下', 1.11, 1),
('low_to_high_value', '海外流动性', '美债上+M2上', 0.79, 1),
('low_to_high_value', '海外流动性', '美债下+M2下', 0.95, 1),
('low_to_high_value', '海外流动性', '美债下+M2上', -0.70, -1),
('hs300_to_csi2000', '宏观景气', 'PMI上行+大于50', 0.22, 1),
('hs300_to_csi2000', '宏观景气', 'PMI下行+大于50', 3.08, 1),
('hs300_to_csi2000', '宏观景气', 'PMI上行+小于50', -0.23, -1),
('hs300_to_csi2000', '宏观景气', 'PMI下行+小于50', -0.62, -1),
('hs300_to_csi2000', '货币-信用', '紧货币+宽信用', 1.39, 1),
('hs300_to_csi2000', '货币-信用', '紧货币+紧信用', 1.22, 1),
('hs300_to_csi2000', '货币-信用', '宽货币+宽信用', -1.20, -1),
('hs300_to_csi2000', '货币-信用', '宽货币+紧信用', -1.11, -1),
('hs300_to_csi2000', '通胀', 'PPI-CPI剪刀差下行大于0', 1.04, 1),
('hs300_to_csi2000', '通胀', 'PPI-CPI剪刀差上行小于0', 0.38, 1),
('hs300_to_csi2000', '通胀', 'PPI-CPI剪刀差上行大于0', -0.32, -1),
('hs300_to_csi2000', '通胀', 'PPI-CPI剪刀差下行小于0', -1.62, -1),
('hs300_to_csi2000', '海外流动性', '美债上+M2下', 1.60, 1),
('hs300_to_csi2000', '海外流动性', '美债上+M2上', 0.66, 1),
('hs300_to_csi2000', '海外流动性', '美债下+M2下', -0.40, -1),
('hs300_to_csi2000', '海外流动性', '美债下+M2上', -0.55, -1);

DELETE FROM `macro_factor_percentile_snapshot`;
INSERT INTO `macro_factor_percentile_snapshot`
(`factor_dimension`, `indicator_name`, `percentile_1y`, `percentile_3y`, `percentile_10y`) VALUES
('经济景气', 'PMI', 45.40, 37.10, 19.30),
('货币-信用', '货币条件指数', 27.20, 77.10, 93.20),
('货币-信用', '信用条件指数', 36.30, 80.00, 48.70),
('通胀', 'PPI-CPI剪刀差', 90.90, 88.50, 49.50),
('海外流动性', '美债利率', 36.30, 45.70, 84.00),
('海外流动性', '全球M2同比', 100.00, 100.00, 30.20);

DELETE FROM `macro_state_monitor_monthly_panel`;
INSERT INTO `macro_state_monitor_monthly_panel`
(`factor_dimension`, `indicator_name`, `observation_month`, `indicator_value`, `current_state`, `score`, `trend`, `previous_ma3`, `latest_ma3`) VALUES
('经济景气','PMI','2024-03-01',50.80,'PMI下行+小于50',-1,-1,49.53,49.47),
('经济景气','PMI','2024-04-01',50.40,'PMI下行+小于50',-1,-1,49.53,49.47),
('经济景气','PMI','2024-05-01',49.50,'PMI下行+小于50',-1,-1,49.53,49.47),
('经济景气','PMI','2024-06-01',49.50,'PMI下行+小于50',-1,-1,49.53,49.47),
('经济景气','PMI','2024-07-01',49.40,'PMI下行+小于50',-1,-1,49.53,49.47),
('经济景气','PMI','2024-08-01',49.10,'PMI下行+小于50',-1,-1,49.53,49.47),
('经济景气','PMI','2024-09-01',49.80,'PMI下行+小于50',-1,-1,49.53,49.47),
('经济景气','PMI','2024-10-01',50.10,'PMI下行+小于50',-1,-1,49.53,49.47),
('经济景气','PMI','2024-11-01',50.30,'PMI下行+小于50',-1,-1,49.53,49.47),
('经济景气','PMI','2024-12-01',50.10,'PMI下行+小于50',-1,-1,49.53,49.47),
('经济景气','PMI','2025-01-01',49.10,'PMI下行+小于50',-1,-1,49.53,49.47),
('经济景气','PMI','2025-02-01',50.20,'PMI下行+小于50',-1,-1,49.53,49.47),
('经济景气','PMI','2025-03-01',50.50,'PMI下行+小于50',-1,-1,49.53,49.47),
('经济景气','PMI','2025-04-01',49.00,'PMI下行+小于50',-1,-1,49.53,49.47),
('经济景气','PMI','2025-05-01',49.50,'PMI下行+小于50',-1,-1,49.53,49.47),
('经济景气','PMI','2025-06-01',49.70,'PMI下行+小于50',-1,-1,49.53,49.47),
('经济景气','PMI','2025-07-01',49.30,'PMI下行+小于50',-1,-1,49.53,49.47),
('经济景气','PMI','2025-08-01',49.40,'PMI下行+小于50',-1,-1,49.53,49.47),
('经济景气','PMI','2025-09-01',49.80,'PMI下行+小于50',-1,-1,49.53,49.47),
('经济景气','PMI','2025-10-01',49.00,'PMI下行+小于50',-1,-1,49.53,49.47),
('经济景气','PMI','2025-11-01',49.20,'PMI下行+小于50',-1,-1,49.53,49.47),
('经济景气','PMI','2025-12-01',50.10,'PMI下行+小于50',-1,-1,49.53,49.47),
('经济景气','PMI','2026-01-01',49.30,'PMI下行+小于50',-1,-1,49.53,49.47),
('经济景气','PMI','2026-02-01',49.00,'PMI下行+小于50',-1,-1,49.53,49.47),
('经济景气','PMI','2026-03-01',49.50,'PMI下行+小于50',-1,-1,49.53,49.47),
('货币-信用','货币条件指数','2024-03-01',87.50,'紧货币+紧信用',1,-1,94.70,94.50),
('货币-信用','货币条件指数','2024-04-01',87.40,'紧货币+紧信用',1,-1,94.70,94.50),
('货币-信用','货币条件指数','2024-05-01',88.80,'紧货币+紧信用',1,-1,94.70,94.50),
('货币-信用','货币条件指数','2024-06-01',90.60,'紧货币+紧信用',1,-1,94.70,94.50),
('货币-信用','货币条件指数','2024-07-01',90.50,'紧货币+紧信用',1,-1,94.70,94.50),
('货币-信用','货币条件指数','2024-08-01',92.60,'紧货币+紧信用',1,-1,94.70,94.50),
('货币-信用','货币条件指数','2024-09-01',93.20,'紧货币+紧信用',1,-1,94.70,94.50),
('货币-信用','货币条件指数','2024-10-01',91.90,'紧货币+紧信用',1,-1,94.70,94.50),
('货币-信用','货币条件指数','2024-11-01',92.40,'紧货币+紧信用',1,-1,94.70,94.50),
('货币-信用','货币条件指数','2024-12-01',93.00,'紧货币+紧信用',1,-1,94.70,94.50),
('货币-信用','货币条件指数','2025-01-01',91.20,'紧货币+紧信用',1,-1,94.70,94.50),
('货币-信用','货币条件指数','2025-02-01',90.00,'紧货币+紧信用',1,-1,94.70,94.50),
('货币-信用','货币条件指数','2025-03-01',87.80,'紧货币+紧信用',1,-1,94.70,94.50),
('货币-信用','货币条件指数','2025-04-01',90.20,'紧货币+紧信用',1,-1,94.70,94.50),
('货币-信用','货币条件指数','2025-05-01',93.60,'紧货币+紧信用',1,-1,94.70,94.50),
('货币-信用','货币条件指数','2025-06-01',95.30,'紧货币+紧信用',1,-1,94.70,94.50),
('货币-信用','货币条件指数','2025-07-01',95.30,'紧货币+紧信用',1,-1,94.70,94.50),
('货币-信用','货币条件指数','2025-08-01',96.40,'紧货币+紧信用',1,-1,94.70,94.50),
('货币-信用','货币条件指数','2025-09-01',96.30,'紧货币+紧信用',1,-1,94.70,94.50),
('货币-信用','货币条件指数','2025-10-01',95.50,'紧货币+紧信用',1,-1,94.70,94.50),
('货币-信用','货币条件指数','2025-11-01',95.90,'紧货币+紧信用',1,-1,94.70,94.50),
('货币-信用','货币条件指数','2025-12-01',95.50,'紧货币+紧信用',1,-1,94.70,94.50),
('货币-信用','货币条件指数','2026-01-01',93.50,'紧货币+紧信用',1,-1,94.70,94.50),
('货币-信用','货币条件指数','2026-02-01',95.00,'紧货币+紧信用',1,-1,94.70,94.50),
('货币-信用','货币条件指数','2026-03-01',95.00,'紧货币+紧信用',1,-1,94.70,94.50),
('货币-信用','信用条件指数','2024-03-01',19.50,'紧货币+紧信用',1,-1,33.90,32.50),
('货币-信用','信用条件指数','2024-04-01',16.10,'紧货币+紧信用',1,-1,33.90,32.50),
('货币-信用','信用条件指数','2024-05-01',16.30,'紧货币+紧信用',1,-1,33.90,32.50),
('货币-信用','信用条件指数','2024-06-01',16.30,'紧货币+紧信用',1,-1,33.90,32.50),
('货币-信用','信用条件指数','2024-07-01',14.60,'紧货币+紧信用',1,-1,33.90,32.50),
('货币-信用','信用条件指数','2024-08-01',13.30,'紧货币+紧信用',1,-1,33.90,32.50),
('货币-信用','信用条件指数','2024-09-01',12.00,'紧货币+紧信用',1,-1,33.90,32.50),
('货币-信用','信用条件指数','2024-10-01',11.10,'紧货币+紧信用',1,-1,33.90,32.50),
('货币-信用','信用条件指数','2024-11-01',13.50,'紧货币+紧信用',1,-1,33.90,32.50),
('货币-信用','信用条件指数','2024-12-01',17.30,'紧货币+紧信用',1,-1,33.90,32.50),
('货币-信用','信用条件指数','2025-01-01',16.30,'紧货币+紧信用',1,-1,33.90,32.50),
('货币-信用','信用条件指数','2025-02-01',19.20,'紧货币+紧信用',1,-1,33.90,32.50),
('货币-信用','信用条件指数','2025-03-01',25.80,'紧货币+紧信用',1,-1,33.90,32.50),
('货币-信用','信用条件指数','2025-04-01',28.50,'紧货币+紧信用',1,-1,33.90,32.50),
('货币-信用','信用条件指数','2025-05-01',30.60,'紧货币+紧信用',1,-1,33.90,32.50),
('货币-信用','信用条件指数','2025-06-01',37.60,'紧货币+紧信用',1,-1,33.90,32.50),
('货币-信用','信用条件指数','2025-07-01',37.50,'紧货币+紧信用',1,-1,33.90,32.50),
('货币-信用','信用条件指数','2025-08-01',37.30,'紧货币+紧信用',1,-1,33.90,32.50),
('货币-信用','信用条件指数','2025-09-01',39.10,'紧货币+紧信用',1,-1,33.90,32.50),
('货币-信用','信用条件指数','2025-10-01',39.10,'紧货币+紧信用',1,-1,33.90,32.50),
('货币-信用','信用条件指数','2025-11-01',37.00,'紧货币+紧信用',1,-1,33.90,32.50),
('货币-信用','信用条件指数','2025-12-01',32.00,'紧货币+紧信用',1,-1,33.90,32.50),
('货币-信用','信用条件指数','2026-01-01',32.70,'紧货币+紧信用',1,-1,33.90,32.50),
('货币-信用','信用条件指数','2026-02-01',32.80,'紧货币+紧信用',1,-1,33.90,32.50),
('货币-信用','信用条件指数','2026-03-01',32.50,'紧货币+紧信用',1,-1,33.90,32.50),
('通胀','PPI-CPI剪刀差','2024-03-01',-2.90,'PPI-CPI剪刀差上行+小于0',1,1,-2.40,-2.17),
('通胀','PPI-CPI剪刀差','2024-04-01',-2.80,'PPI-CPI剪刀差上行+小于0',1,1,-2.40,-2.17),
('通胀','PPI-CPI剪刀差','2024-05-01',-1.70,'PPI-CPI剪刀差上行+小于0',1,1,-2.40,-2.17),
('通胀','PPI-CPI剪刀差','2024-06-01',-1.00,'PPI-CPI剪刀差上行+小于0',1,1,-2.40,-2.17),
('通胀','PPI-CPI剪刀差','2024-07-01',-1.30,'PPI-CPI剪刀差上行+小于0',1,1,-2.40,-2.17),
('通胀','PPI-CPI剪刀差','2024-08-01',-2.40,'PPI-CPI剪刀差上行+小于0',1,1,-2.40,-2.17),
('通胀','PPI-CPI剪刀差','2024-09-01',-3.20,'PPI-CPI剪刀差上行+小于0',1,1,-2.40,-2.17),
('通胀','PPI-CPI剪刀差','2024-10-01',-3.20,'PPI-CPI剪刀差上行+小于0',1,1,-2.40,-2.17),
('通胀','PPI-CPI剪刀差','2024-11-01',-2.70,'PPI-CPI剪刀差上行+小于0',1,1,-2.40,-2.17),
('通胀','PPI-CPI剪刀差','2024-12-01',-2.40,'PPI-CPI剪刀差上行+小于0',1,1,-2.40,-2.17),
('通胀','PPI-CPI剪刀差','2025-01-01',-2.80,'PPI-CPI剪刀差上行+小于0',1,1,-2.40,-2.17),
('通胀','PPI-CPI剪刀差','2025-02-01',-1.50,'PPI-CPI剪刀差上行+小于0',1,1,-2.40,-2.17),
('通胀','PPI-CPI剪刀差','2025-03-01',-2.40,'PPI-CPI剪刀差上行+小于0',1,1,-2.40,-2.17),
('通胀','PPI-CPI剪刀差','2025-04-01',-2.60,'PPI-CPI剪刀差上行+小于0',1,1,-2.40,-2.17),
('通胀','PPI-CPI剪刀差','2025-05-01',-3.20,'PPI-CPI剪刀差上行+小于0',1,1,-2.40,-2.17),
('通胀','PPI-CPI剪刀差','2025-06-01',-3.70,'PPI-CPI剪刀差上行+小于0',1,1,-2.40,-2.17),
('通胀','PPI-CPI剪刀差','2025-07-01',-3.50,'PPI-CPI剪刀差上行+小于0',1,1,-2.40,-2.17),
('通胀','PPI-CPI剪刀差','2025-08-01',-2.50,'PPI-CPI剪刀差上行+小于0',1,1,-2.40,-2.17),
('通胀','PPI-CPI剪刀差','2025-09-01',-2.00,'PPI-CPI剪刀差上行+小于0',1,1,-2.40,-2.17),
('通胀','PPI-CPI剪刀差','2025-10-01',-2.30,'PPI-CPI剪刀差上行+小于0',1,1,-2.40,-2.17),
('通胀','PPI-CPI剪刀差','2025-11-01',-2.90,'PPI-CPI剪刀差上行+小于0',1,1,-2.40,-2.17),
('通胀','PPI-CPI剪刀差','2025-12-01',-2.70,'PPI-CPI剪刀差上行+小于0',1,1,-2.40,-2.17),
('通胀','PPI-CPI剪刀差','2026-01-01',-1.60,'PPI-CPI剪刀差上行+小于0',1,1,-2.40,-2.17),
('通胀','PPI-CPI剪刀差','2026-02-01',-2.20,'PPI-CPI剪刀差上行+小于0',1,1,-2.40,-2.17),
('通胀','PPI-CPI剪刀差','2026-03-01',-2.17,'PPI-CPI剪刀差上行+小于0',1,1,-2.40,-2.17),
('海外流动性','美债利率','2024-03-01',4.30,'美债上+M2下',1,1,4.13,4.16),
('海外流动性','美债利率','2024-04-01',4.60,'美债上+M2下',1,1,4.13,4.16),
('海外流动性','美债利率','2024-05-01',4.40,'美债上+M2下',1,1,4.13,4.16),
('海外流动性','美债利率','2024-06-01',4.30,'美债上+M2下',1,1,4.13,4.16),
('海外流动性','美债利率','2024-07-01',4.20,'美债上+M2下',1,1,4.13,4.16),
('海外流动性','美债利率','2024-08-01',3.90,'美债上+M2下',1,1,4.13,4.16),
('海外流动性','美债利率','2024-09-01',3.70,'美债上+M2下',1,1,4.13,4.16),
('海外流动性','美债利率','2024-10-01',4.10,'美债上+M2下',1,1,4.13,4.16),
('海外流动性','美债利率','2024-11-01',4.40,'美债上+M2下',1,1,4.13,4.16),
('海外流动性','美债利率','2024-12-01',4.40,'美债上+M2下',1,1,4.13,4.16),
('海外流动性','美债利率','2025-01-01',4.60,'美债上+M2下',1,1,4.13,4.16),
('海外流动性','美债利率','2025-02-01',4.50,'美债上+M2下',1,1,4.13,4.16),
('海外流动性','美债利率','2025-03-01',4.30,'美债上+M2下',1,1,4.13,4.16),
('海外流动性','美债利率','2025-04-01',4.30,'美债上+M2下',1,1,4.13,4.16),
('海外流动性','美债利率','2025-05-01',4.50,'美债上+M2下',1,1,4.13,4.16),
('海外流动性','美债利率','2025-06-01',4.50,'美债上+M2下',1,1,4.13,4.16),
('海外流动性','美债利率','2025-07-01',4.30,'美债上+M2下',1,1,4.13,4.16),
('海外流动性','美债利率','2025-08-01',4.10,'美债上+M2下',1,1,4.13,4.16),
('海外流动性','美债利率','2025-09-01',4.10,'美债上+M2下',1,1,4.13,4.16),
('海外流动性','美债利率','2025-10-01',4.10,'美债上+M2下',1,1,4.13,4.16),
('海外流动性','美债利率','2025-11-01',4.20,'美债上+M2下',1,1,4.13,4.16),
('海外流动性','美债利率','2025-12-01',4.20,'美债上+M2下',1,1,4.13,4.16),
('海外流动性','美债利率','2026-01-01',4.00,'美债上+M2下',1,1,4.13,4.16),
('海外流动性','美债利率','2026-02-01',4.30,'美债上+M2下',1,1,4.13,4.16),
('海外流动性','美债利率','2026-03-01',4.16,'美债上+M2下',1,1,4.13,4.16),
('海外流动性','全球M2同比','2024-03-01',2.20,'美债上+M2下',1,1,4.40,4.50),
('海外流动性','全球M2同比','2024-04-01',2.40,'美债上+M2下',1,1,4.40,4.50),
('海外流动性','全球M2同比','2024-05-01',2.40,'美债上+M2下',1,1,4.40,4.50),
('海外流动性','全球M2同比','2024-06-01',3.20,'美债上+M2下',1,1,4.40,4.50),
('海外流动性','全球M2同比','2024-07-01',2.60,'美债上+M2下',1,1,4.40,4.50),
('海外流动性','全球M2同比','2024-08-01',2.60,'美债上+M2下',1,1,4.40,4.50),
('海外流动性','全球M2同比','2024-09-01',3.00,'美债上+M2下',1,1,4.40,4.50),
('海外流动性','全球M2同比','2024-10-01',3.30,'美债上+M2下',1,1,4.40,4.50),
('海外流动性','全球M2同比','2024-11-01',3.40,'美债上+M2下',1,1,4.40,4.50),
('海外流动性','全球M2同比','2024-12-01',3.80,'美债上+M2下',1,1,4.40,4.50),
('海外流动性','全球M2同比','2025-01-01',3.60,'美债上+M2下',1,1,4.40,4.50),
('海外流动性','全球M2同比','2025-02-01',3.50,'美债上+M2下',1,1,4.40,4.50),
('海外流动性','全球M2同比','2025-03-01',3.80,'美债上+M2下',1,1,4.40,4.50),
('海外流动性','全球M2同比','2025-04-01',4.00,'美债上+M2下',1,1,4.40,4.50),
('海外流动性','全球M2同比','2025-05-01',4.20,'美债上+M2下',1,1,4.40,4.50),
('海外流动性','全球M2同比','2025-06-01',4.20,'美债上+M2下',1,1,4.40,4.50),
('海外流动性','全球M2同比','2025-07-01',4.40,'美债上+M2下',1,1,4.40,4.50),
('海外流动性','全球M2同比','2025-08-01',4.30,'美债上+M2下',1,1,4.40,4.50),
('海外流动性','全球M2同比','2025-09-01',4.30,'美债上+M2下',1,1,4.40,4.50),
('海外流动性','全球M2同比','2025-10-01',4.30,'美债上+M2下',1,1,4.40,4.50),
('海外流动性','全球M2同比','2025-11-01',4.30,'美债上+M2下',1,1,4.40,4.50),
('海外流动性','全球M2同比','2025-12-01',4.50,'美债上+M2下',1,1,4.40,4.50),
('海外流动性','全球M2同比','2026-01-01',4.60,'美债上+M2下',1,1,4.40,4.50),
('海外流动性','全球M2同比','2026-02-01',4.50,'美债上+M2下',1,1,4.40,4.50),
('海外流动性','全球M2同比','2026-03-01',4.50,'美债上+M2下',1,1,4.40,4.50);

DELETE FROM `macro_factor_score_monthly`;
INSERT INTO `macro_factor_score_monthly`
(`observation_month`, `economic_cycle_score`, `monetary_credit_score`, `inflation_score`, `overseas_liquidity_score`, `total_score`, `valuation_bias`) VALUES
('2022-01-01',-1,0,0,0,-1,'高估值占优'),
('2022-02-01',1,1,1,1,4,'低估值占优'),
('2022-03-01',1,1,0,1,3,'低估值占优'),
('2022-04-01',0,-1,0,0,-1,'高估值占优'),
('2022-05-01',-1,-1,1,-1,-2,'高估值占优'),
('2022-06-01',-1,-1,1,-1,-2,'高估值占优'),
('2022-07-01',-1,-1,1,-1,-2,'高估值占优'),
('2022-08-01',0,-2,1,-2,-3,'高估值占优'),
('2022-09-01',1,0,0,1,2,'低估值占优'),
('2022-10-01',0,0,-1,-2,-3,'高估值占优'),
('2022-11-01',-1,0,-1,1,-1,'高估值占优'),
('2022-12-01',-1,1,-1,1,0,NULL),
('2023-01-01',0,1,0,1,2,'低估值占优'),
('2023-02-01',-1,-2,0,0,-3,'高估值占优'),
('2023-03-01',1,1,0,1,3,'低估值占优'),
('2023-04-01',0,-1,1,-2,-2,'高估值占优'),
('2023-05-01',1,0,-2,0,-1,'高估值占优'),
('2023-06-01',-1,-1,-1,0,-3,'高估值占优'),
('2023-07-01',-1,-1,-1,0,-3,'高估值占优'),
('2023-08-01',-1,-1,-1,0,-3,'高估值占优'),
('2023-09-01',1,1,0,1,3,'低估值占优'),
('2023-10-01',1,1,0,1,3,'低估值占优'),
('2023-11-01',1,1,0,1,3,'低估值占优'),
('2023-12-01',-1,-1,1,-1,-2,'高估值占优'),
('2024-01-01',-1,-1,1,-1,-2,'高估值占优'),
('2024-02-01',0,0,1,0,1,'低估值占优'),
('2024-03-01',0,0,-1,0,-1,'高估值占优'),
('2024-04-01',-1,-1,-1,0,-3,'高估值占优'),
('2024-05-01',0,0,-2,0,-2,'高估值占优'),
('2024-06-01',1,1,0,0,2,'低估值占优'),
('2024-07-01',0,-1,-1,-1,-3,'高估值占优'),
('2024-08-01',0,-1,-1,-1,-3,'高估值占优'),
('2024-09-01',-1,-1,-1,-1,-4,'高估值占优'),
('2024-10-01',-1,-1,-1,-1,-4,'高估值占优'),
('2024-11-01',-1,-1,0,0,-2,'高估值占优'),
('2024-12-01',1,1,0,1,3,'低估值占优'),
('2025-01-01',1,1,1,1,4,'低估值占优'),
('2025-02-01',-1,1,1,1,2,'低估值占优'),
('2025-03-01',-1,-1,1,-1,-2,'高估值占优'),
('2025-04-01',-1,-1,1,-1,-2,'高估值占优'),
('2025-05-01',0,0,1,0,1,'低估值占优'),
('2025-06-01',-1,-1,0,-1,-3,'高估值占优'),
('2025-07-01',-1,-1,0,-1,-3,'高估值占优'),
('2025-08-01',-1,-1,-1,-1,-4,'高估值占优'),
('2025-09-01',0,-1,-1,0,-2,'高估值占优'),
('2025-10-01',0,-1,1,-1,-1,'高估值占优'),
('2025-11-01',0,-1,1,-1,-1,'高估值占优'),
('2025-12-01',1,-1,1,-1,0,NULL),
('2026-01-01',1,0,1,-1,1,'低估值占优'),
('2026-02-01',0,1,1,0,2,'低估值占优'),
('2026-03-01',1,1,1,0,3,'低估值占优');
